<?xml version="1.0" encoding="UTF-8" standalone="yes"?>
<addon id="repository.vietmusic"
		name="VietMusic Add-ons"
		version="1.0.0"
		provider-name="VietMusic">
  <requires>
    <import addon="xbmc.addon" version="12.0.0"/>
  </requires>
	<extension point="xbmc.addon.repository"
		name="VietMusic Add-on Repository">
		<info compressed="true">https://raw.github.com/onepas/xbmc-addons/master/addons.xml</info>
		<checksum>https://raw.github.com/onepas/xbmc-addons/master/addons.xml.md5</checksum>
		<datadir zip="true">https://raw.github.com/onepas/xbmc-addons/master</datadir>
		<hashes>true</hashes>
	</extension>
	<extension point="xbmc.addon.metadata">
		<summary lang="en">Music for life</summary>
		<description lang="en"></description>
		<disclaimer lang="en"></disclaimer>
		<platform>all</platform>
	</extension>
</addon>
