<?xml version="1.0" encoding="UTF-8" standalone="yes" ?>
<addon id="plugin.video.vietplay" name="VietPlay" version="1.0.3" provider-name="VietMusic">
    <requires>
        <import addon="xbmc.python" version="2.1.0" optional="true" />
        <import addon="script.module.simplejson" />
        <import addon="script.module.t0mm0.common" version="1.1.0" />
        <import addon="script.module.simple.downloader" version="1.9.4" />
    </requires>
    <extension point="xbmc.python.pluginsource" library="default.py">
        <provides>video</provides>
    </extension>
    <extension point="xbmc.addon.metadata">
        <summary></summary>
        <description>Watch free TV and video clips online</description>
        <disclaimer lang="en">I am not responsible for the contents of these streams, which are pulled from online provider(s). The streams do not represent my views or opinions in any way.</disclaimer>
        <platform>all</platform>
    </extension>
</addon>