<?xml version="1.0" encoding="UTF-8" standalone="yes"?>
<addon id="plugin.video.vietmusic"
       name="VietMusic"
       version="1.1"
       provider-name="VietMusic">
	<requires>
		<import addon="xbmc.python" version="2.1.0" />
		<import addon="script.module.simple.downloader" version="1.9.4" />
	</requires>
    <extension point="xbmc.python.pluginsource"
               library="default.py">
        <provides>video</provides>
    </extension>
    <extension point="xbmc.addon.metadata">
        <platform>all</platform>
        <language>en</language>
		<summary lang="en">Viet Music online</summary>
		<description lang="en">Add-on play Vietnamese Music online</description>
    </extension>
</addon>
